代碼,名稱,收盤價,成交量,季線(MA60),最新形態,推薦指數,季線之上
0053,元大電子,226.8,35138,233.51666666666668,內困型態,15 分 ⏳,False
0055,元大MSCI金融,43.92,316149,39.720166666666664,內困型態,30 分 ⏳,True
0061,元大寶滬深,24.64,92247,24.99383333333333,內困型態,15 分 ⏳,False
006204,永豐臺灣加權,216.0,6470,221.00833333333333,多頭吞噬,30 分 ⏳,False
006207,復華滬深,32.83,217711,33.4315,多頭吞噬,30 分 ⏳,False
00636,國泰中國A50,28.19,193119,28.611833333333333,內困型態,15 分 ⏳,False
00639,富邦深100,16.95,452816,17.859500000000004,多頭吞噬,30 分 ⏳,False
00701,國泰股利精選30,38.68,543481,36.67866666666667,內困型態,30 分 ⏳,True
00709,富邦歐洲,41.16,36105,39.37649999999999,內困型態,30 分 ⏳,True
00714,群益道瓊美國地產,22.71,380594,21.94083333333333,多頭吞噬,60 分 ⏳,True
00783,富邦中証500,27.81,31458,29.586000000000002,多頭吞噬,30 分 ⏳,False
00915,凱基優選高股息30,31.54,4951905,30.39966666666667,多頭吞噬,60 分 ⏳,True
00944,野村趨勢動能高息,20.25,98611,20.645666666666667,內困型態,15 分 ⏳,False
00951,台新日本半導體,17.65,2554456,18.26383333333333,內困型態,15 分 ⏳,False
00963,中信全球高股息,13.47,1136591,12.802333333333333,多頭吞噬,60 分 ⏳,True
00972,野村日本動能高息,21.3,186785,19.7645,內困型態,30 分 ⏳,True
009812,野村日本東證,12.67,195282,12.293,內困型態,30 分 ⏳,True
020020,元大台股領航N,26.13,2000,26.66016666666667,內困型態,15 分 ⏳,False
020037,元大金融高股息N,11.66,10000,9.709666666666667,攻擊K線,100 分 🚀,True
1216,統一,73.9,25972113,75.29333333333334,多頭吞噬,30 分 ⏳,False
1301,台塑,55.3,23236509,52.84666666666667,多頭吞噬,60 分 ⏳,True
1303,南亞,170.5,91900316,139.52166666666665,多頭吞噬,60 分 ⏳,True
1307,三芳,31.75,403347,33.119166666666665,多頭吞噬,30 分 ⏳,False
1325,恆大,26.05,157011,26.110833333333336,內困型態,15 分 ⏳,False
1326,台化,58.2,28720049,55.565000000000005,多頭吞噬,60 分 ⏳,True
1337,再生-KY,4.65,287970,4.931333333333333,內困型態,15 分 ⏳,False
1340,勝悅-KY,5.05,88277,5.455333333333333,內困型態,15 分 ⏳,False
1402,遠東新,27.15,13974311,27.32333333333333,多頭吞噬,30 分 ⏳,False
1418,東華,18.0,15033,18.360000000000003,內困型態,15 分 ⏳,False
1434,福懋,17.35,2613696,16.968333333333334,多頭吞噬,60 分 ⏳,True
1444,力麗,7.14,856920,7.274166666666667,內困型態,15 分 ⏳,False
1447,力鵬,6.85,1354648,6.826666666666667,內困型態,30 分 ⏳,True
1460,宏遠,6.73,279425,7.110166666666667,內困型態,15 分 ⏳,False
1465,偉全,12.5,56980,12.516666666666667,內困型態,15 分 ⏳,False
1477,聚陽,222.0,2220287,220.23333333333332,多頭吞噬,60 分 ⏳,True
1522,堤維西,28.25,346591,30.116666666666667,多頭吞噬,30 分 ⏳,False
1531,高林股,12.9,99194,12.796666666666665,內困型態,30 分 ⏳,True
1539,巨庭,16.1,45000,15.8925,內困型態,30 分 ⏳,True
1558,伸興,91.7,60777,91.29,多頭吞噬,60 分 ⏳,True
1583,程泰,49.3,27475,50.419999999999995,內困型態,15 分 ⏳,False
1623,大東電,213.0,55978,222.90833333333333,內困型態,15 分 ⏳,False
1709,和益,25.2,3901124,22.0775,多頭吞噬,60 分 ⏳,True
1733,五鼎,32.25,130316,30.128333333333334,內困型態,30 分 ⏳,True
1795,美時,186.0,1117469,194.15,內困型態,15 分 ⏳,False
1810,和成,24.9,9007890,22.375,多頭吞噬,60 分 ⏳,True
2027,大成鋼,44.25,12225004,41.70333333333334,內困型態,30 分 ⏳,True
2032,新鋼,15.6,215799,16.8775,多頭吞噬,30 分 ⏳,False
2038,海光,12.25,284897,13.340833333333332,多頭吞噬,30 分 ⏳,False
2069,運錩,18.55,246960,18.992500000000003,內困型態,15 分 ⏳,False
2105,正新,30.45,5089646,31.975,多頭吞噬,30 分 ⏳,False
2208,台船,19.0,2192245,18.891666666666666,多頭吞噬,60 分 ⏳,True
2233,宇隆,204.0,673917,272.05833333333334,多頭吞噬,30 分 ⏳,False
2254,巨鎧精密-創,61.0,16035,61.14833333333333,多頭吞噬,45 分 ⏳,False
2301,光寶科,252.0,67014546,217.16666666666666,攻擊K線,120 分 🚀,True
2308,台達電,1620.0,20958807,2031.3333333333333,多頭吞噬,30 分 ⏳,False
2371,大同,25.25,6337976,27.88083333333333,內困型態,15 分 ⏳,False
2375,凱美,122.0,4443359,157.23666666666668,內困型態,15 分 ⏳,False
2388,威盛,80.3,8797535,73.73333333333333,攻擊K線,100 分 🚀,True
2402,毅嘉,53.8,1560300,64.03833333333334,內困型態,15 分 ⏳,False
2414,精技,59.6,433320,56.33083333333333,多頭吞噬,60 分 ⏳,True
2420,新巨,54.3,436216,59.99333333333333,內困型態,15 分 ⏳,False
2421,建準,135.5,1381098,144.74166666666667,內困型態,15 分 ⏳,False
2425,承啟,50.2,16737026,39.35666666666667,攻擊K線,120 分 🚀,True
2440,太空梭,15.4,199674,16.925,內困型態,15 分 ⏳,False
2449,京元電子,245.5,31680298,297.06666666666666,多頭吞噬,30 分 ⏳,False
2460,建通,30.5,356475,33.27916666666667,多頭吞噬,30 分 ⏳,False
2466,冠西電,95.1,1191093,69.58166666666668,內困型態,30 分 ⏳,True
2496,卓越,59.9,17378,63.25333333333333,多頭吞噬,30 分 ⏳,False
2498,宏達電,40.1,4229303,43.87833333333333,多頭吞噬,30 分 ⏳,False
2501,國建,22.25,2611754,23.404999999999998,內困型態,15 分 ⏳,False
2515,中工,12.0,5761587,12.917499999999999,內困型態,15 分 ⏳,False
2528,皇普,19.15,200236,21.694166666666664,內困型態,15 分 ⏳,False
2535,達欣工,88.3,472456,85.775,內困型態,30 分 ⏳,True
2542,興富發,44.15,7108178,43.482499999999995,多頭吞噬,60 分 ⏳,True
2603,長榮,206.0,5794882,205.53333333333333,內困型態,30 分 ⏳,True
2613,中櫃,20.15,179161,21.59416666666667,多頭吞噬,30 分 ⏳,False
2630,亞航,48.95,2945482,46.66583333333333,多頭吞噬,60 分 ⏳,True
2883,凱基金,30.55,37259812,27.307499999999997,多頭吞噬,60 分 ⏳,True
2887,台新新光金,35.55,46044713,30.395,多頭吞噬,60 分 ⏳,True
2904,匯僑,13.25,31570,14.105,內困型態,15 分 ⏳,False
2908,特力,21.4,178123,21.402499999999996,內困型態,15 分 ⏳,False
2913,農林,10.85,1334034,11.079166666666667,內困型態,15 分 ⏳,False
2929,淘帝-KY,5.58,100766,5.781666666666666,內困型態,15 分 ⏳,False
3011,今皓,11.55,483192,13.375833333333333,多頭吞噬,30 分 ⏳,False
3022,威強電,90.9,1410747,81.36666666666666,內困型態,30 分 ⏳,True
3023,信邦,299.5,944245,311.25,內困型態,15 分 ⏳,False
3032,偉訓,79.2,290747,81.82666666666667,內困型態,15 分 ⏳,False
3040,遠見,35.8,70816,38.12666666666667,內困型態,15 分 ⏳,False
3058,立德,8.23,369825,8.9075,內困型態,15 分 ⏳,False
3094,聯傑,35.4,1371041,36.0375,內困型態,15 分 ⏳,False
3257,虹冠電,51.2,197745,58.72833333333333,內困型態,15 分 ⏳,False
3308,聯德,19.95,62344,20.785000000000004,內困型態,15 分 ⏳,False
3376,新日興,179.5,1919677,200.13333333333333,內困型態,15 分 ⏳,False
3380,明泰,29.25,1245182,33.2425,內困型態,15 分 ⏳,False
3419,譁裕,12.0,62576,13.536666666666665,內困型態,15 分 ⏳,False
3518,柏騰,25.8,260209,30.5675,內困型態,15 分 ⏳,False
3530,晶相光,54.4,128527,64.63000000000001,內困型態,15 分 ⏳,False
3576,聯合再生,16.6,8391148,17.706666666666667,內困型態,15 分 ⏳,False
3596,智易,180.5,625292,186.35833333333332,內困型態,15 分 ⏳,False
3622,洋華,53.7,182883,55.64666666666667,內困型態,15 分 ⏳,False
3653,健策,4145.0,2786267,3544.0833333333335,攻擊K線,100 分 🚀,True
4439,冠星-KY,101.5,7905,94.72333333333334,內困型態,30 分 ⏳,True
4551,智伸科,163.0,410126,183.025,多頭吞噬,30 分 ⏳,False
4562,穎漢,30.1,123466,35.876666666666665,內困型態,15 分 ⏳,False
4581,光隆精密-KY,51.3,18037,50.17916666666667,多頭吞噬,60 分 ⏳,True
4582,聚恆-創,27.5,138008,26.37156862745098,多頭吞噬,60 分 ⏳,True
4585,達明,287.0,163384,319.84166666666664,內困型態,15 分 ⏳,False
4763,材料*-KY,48.45,8866673,45.48166666666667,內困型態,30 分 ⏳,True
4766,南寶,319.0,162261,353.55833333333334,內困型態,15 分 ⏳,False
4771,望隼,187.5,80798,194.31666666666666,內困型態,15 分 ⏳,False
4968,立積,99.5,738185,109.83,多頭吞噬,30 分 ⏳,False
4976,佳凌,37.3,5857134,34.7975,內困型態,30 分 ⏳,True
5234,達興材料,320.5,206993,382.175,內困型態,15 分 ⏳,False
5519,隆大,28.05,117411,31.805,多頭吞噬,30 分 ⏳,False
5533,皇鼎,13.95,86184,13.999166666666666,內困型態,15 分 ⏳,False
5546,永固-KY,13.8,13904,16.246666666666666,多頭吞噬,30 分 ⏳,False
5871,中租-KY,111.5,5026552,114.85,內困型態,15 分 ⏳,False
6115,鎰勝,45.1,113364,47.3075,內困型態,15 分 ⏳,False
6196,帆宣,492.0,1521506,510.31666666666666,內困型態,15 分 ⏳,False
6206,飛捷,140.0,5730423,131.7,攻擊K線,100 分 🚀,True
6243,迅杰,50.5,3377689,39.142500000000005,多頭吞噬,60 分 ⏳,True
6414,樺漢,436.5,2019031,386.3666666666667,內困型態,30 分 ⏳,True
6472,保瑞,392.0,414390,396.21666666666664,內困型態,15 分 ⏳,False
6533,晶心科,225.5,800299,215.5,內困型態,30 分 ⏳,True
6550,北極星藥業-KY,11.05,703141,13.560833333333333,內困型態,15 分 ⏳,False
6598,ABC-KY,31.5,485328,25.09416666666667,內困型態,30 分 ⏳,True
6641,基士德-KY,17.7,34194,18.204166666666666,多頭吞噬,30 分 ⏳,False
6657,華安,30.65,69538,36.245,多頭吞噬,30 分 ⏳,False
6719,力智,208.5,1058021,240.975,內困型態,15 分 ⏳,False
6792,詠業,55.4,26000,62.6025,多頭吞噬,30 分 ⏳,False
6807,峰源-KY,35.3,26008,33.6675,多頭吞噬,90 分 🔥,True
6861,睿生光電,206.0,349336,324.7583333333333,多頭吞噬,30 分 ⏳,False
6863,永道-KY,134.0,342031,105.49000000000001,內困型態,30 分 ⏳,True
6887,寶綠特-KY,38.0,63222,35.825,多頭吞噬,90 分 🔥,True
6919,康霈*,108.0,6781755,101.22333333333334,內困型態,30 分 ⏳,True
6921,嘉雨思-創,59.8,32386,70.16,內困型態,15 分 ⏳,False
6931,青松健康,37.6,52020,40.07000000000001,內困型態,15 分 ⏳,False
7750,新代,2330.0,650457,2227.4166666666665,攻擊K線,120 分 🚀,True
7799,禾榮科,355.0,312509,368.7916666666667,多頭吞噬,30 分 ⏳,False
8045,達運光電,55.2,89576,63.175,內困型態,15 分 ⏳,False
8070,長華*,46.9,2023065,51.608333333333334,內困型態,15 分 ⏳,False
8201,無敵,11.5,19129,12.8525,內困型態,15 分 ⏳,False
8367,建新國際,40.65,28770,40.677499999999995,多頭吞噬,30 分 ⏳,False
8422,可寧衛*,26.25,5403753,27.1725,內困型態,15 分 ⏳,False
8467,波力-KY,99.0,10108,119.06,多頭吞噬,30 分 ⏳,False
8473,山林水,41.35,429285,45.620000000000005,多頭吞噬,30 分 ⏳,False
8476,台境*,20.2,463085,20.008333333333333,多頭吞噬,60 分 ⏳,True
8481,政伸,40.2,17136,41.135,多頭吞噬,30 分 ⏳,False
9105,泰金寶-DR,8.3,13894823,8.578333333333335,內困型態,15 分 ⏳,False
911622,泰聚亨-DR,3.68,150686,3.7275,多頭吞噬,45 分 ⏳,False
9940,信義,20.4,506144,19.4925,內困型態,30 分 ⏳,True
9946,三發地產,17.9,160777,18.086666666666666,多頭吞噬,30 分 ⏳,False
